"Rank(Euromonitor)";"Rank(Mastercard)";City;Country;"Arrivals 2018(Euromonitor)";"Arrivals 2016(Mastercard)";"Growthin arrivals(Euromonitor)";"Income(billions $)(Mastercard)"
1;11;Hong Kong ; Hong Kong ;29262700;8370000;5.0% ;6.84
2;1;Bangkok ; Thailand ;24177500;21470000;7.7% ;14.84
3;2;London ; United Kingdom ;19233000;19880000;−3.0% ;19.76
4;;Macau ; Macau ;18931400;;9.2% ;
5;6;Singapore ; Singapore ;18551200;12110000;5.3% ;12.54
6;3;Paris ; France ;17560200;18030000;10.9% ;12.88
7;4;Dubai ; United Arab Emirates ;15920700;15270000;0.8% ;31.3
8;5;New York City ; United States ;13600000;12750000;3.8% ;18.52
9;7;Kuala Lumpur ; Malaysia ;13434300;12020000;4.6% ;11.34
10;8;Istanbul ; Turkey ;13433000;11950000;25.2% ;7.54
11;48;Delhi ; India ;12645300;2580000;24.5% ;1.91
12;;Antalya ; Turkey ;12438800;;31.2% ;
13;54;Shenzhen ; China ;12202100;2120000;1.1% ;0.83
14;27;Mumbai ; India ;10590100;4860000;17.9% ;3.6
15;;Phuket ; Thailand ;10550700;;4.4% ;
16;16;Rome ; Italy ;10065400;7120000;5.6% ;4.47
17;9;Tokyo ; Japan ;9985100;10700000;4.6% ;13.48
18;;Pattaya ; Thailand ;9606400;;5.1% ;
19;15;Taipei ; Taiwan ;9597800;7350000;3.5% ;9.6
20;;Mecca ; Saudi Arabia ;9565200;;−2.4% ;
21;36;Guangzhou ; China ;9004800;3700000;0.0% ;1.66
22;20;Prague ; Czech Republic ;8948600;5810000;1.6% ;2.7
23;;Medina ; Saudi Arabia ;8547200;;−2.4% ;
24;10;Seoul ; South Korea ;8431400;10200000;10.1% ;11.3
25;13;Amsterdam ; Netherlands ;8354200;8000000;6.5% ;4.2
26;;Agra ; India ;8138200;;22.5% ;
27;24;Miami ; United States ;8121300;5240000;4.1% ;8.15
28;17;Osaka ; Japan ;7861500;7020000;19.0% ;3.39
29;;Las Vegas ; United States ;7500000;;4.7% ;
30;19;Shanghai ; China ;7483500;6120000;4.0% ;5
31;42;Ho Chi Minh City ; Vietnam ;7200000;3050000;15.4% ;3.12
32;;Denpasar ; Indonesia ;7185600;;15.2% ;
33;12;Barcelona ; Spain ;6714500;8200000;6.8% ;9.28
34;21;Los Angeles ; United States ;6591300;5600000;−1.4% ;8.1
35;14;Milan ; Italy ;6481300;7650000;2.1% ;4.56
36;30;Chennai ; India ;6422800;4370000;26.3% ;3.24
37;18;Vienna ; Austria ;6410300;6690000;3.6% ;4.54
38;;Johor Bahru ; Malaysia ;6396000;;14.8% ;
39;;Jaipur ; India ;6383400;;20.7% ;
40;;Cancún ; Mexico ;6041000;;0.0% ;
41;26;Berlin ; Germany ;5959400;4940000;5.9% ;5
42;66;Cairo ; Egypt ;5754500;1550000;31.1% ;1.08
43;46;Athens ; Greece ;5728400;2680000;19.4% ;1.62
44;;Orlando ; United States ;5553600;;5.4% ;
45;59;Moscow ; Russia ;5510000;1830000;14.8% ;0.94
46;;Venice ; Italy ;5502500;;3.5% ;
47;22;Madrid ; Spain ;5440100;5260000;3.2% ;8.02
48;;Ha Long ; Vietnam ;5294800;;22.0% ;
49;28;Riyadh ; Saudi Arabia ;5267500;4590000;−2.4% ;1.69
50;25;Dublin ; Ireland ;5213400;4970000;4.6% ;1.87
51;;Florence ; Italy ;5059900;;2.4% ;
52;52;Hanoi ; Vietnam ;4687000;2200000;9.0% ;1.28
53;29;Toronto ; Canada ;4510300;4520000;5.2% ;2.16
54;39;Johannesburg ; South Africa ;4120800;3600000;1.3% ;1.73
55;35;Sydney ; Australia ;4090600;3750000;3.2% ;6.4
56;23;Munich ; Germany ;4066600;5250000;6.2% ;5.32
57;65;Jakarta ; Indonesia ;4033000;1550000;12.4% ;1.19
58;31;Beijing ; China ;4002400;4050000;2.0% ;4.08
59;85;Saint Petersburg ; Russia ;3996000;990000;11.0% ;0.51
60;45;Brussels ; Belgium ;3942000;2710000;14.9% ;1.92
61;;Jerusalem ; Israel ;3930000;;11.6% ;
62;40;Budapest ; Hungary ;3822800;3360000;4.6% ;0.95
63;37;Lisbon ; Portugal ;3539400;3630000;0.5% ;1.43
64;;Dammam ; Saudi Arabia ;3498900;;−2.4% ;
65;;Penang Island ; Malaysia ;3437100;;7.6% ;
66;;Heraklion ; Greece ;3371800;;7.1% ;
67;;Kyoto ; Japan ;3294200;;3.0% ;
68;;Zhuhai ; China ;3259700;;2.4% ;
69;34;Vancouver ; Canada ;3212100;3900000;7.1% ;2.12
70;;Chiang Mai ; Thailand ;3196000;;2.1% ;
71;64;Copenhagen ; Denmark ;3069700;1630000;3.6% ;0.91
72;33;San Francisco ; United States ;2901000;3930000;0.0% ;5.93
73;47;Melbourne ; Australia ;2889000;2650000;5.8% ;4.94
74;70;Warsaw ; Poland ;2850000;1370000;1.8% ;0.51
75;;Marrakesh ; Morocco ;2838100;;6.3% ;
76;62;Kolkata ; India ;2826500;1720000;10.4% ;1.27
77;;Cebu City ; Philippines ;2805100;;24.9% ;
78;;Auckland ; New Zealand ;2798900;;5.0% ;
79;86;Tel Aviv ; Israel ;2777000;990000;7.9% ;1.31
80;;Guilin ; China ;2747000;;10.4% ;
81;;Honolulu ; United States ;2737300;;1.9% ;
82;;Hurghada ; Egypt ;2735700;;46.8% ;
83;;Kraków ; Poland ;2732000;;3.9% ;
84;;Muğla ; Turkey ;2723800;;37.4% ;
85;57;Buenos Aires ; Argentina ;2685700;2020000;5.2% ;1.69
86;;Chiba ; Japan ;2683900;;10.4% ;
87;38;Frankfurt am Main ; Germany ;2636000;3620000;5.6% ;3.67
88;55;Stockholm ; Sweden ;2604600;2080000;5.3% ;1.68
89;32;Lima ; Peru ;2535400;4030000;8.0% ;1.44
90;;Da Nang ; Vietnam ;2505000;;25.0% ;
91;;Batam ; Indonesia ;2492600;;11.9% ;
92;;Nice ; France ;2466800;;6.0% ;
93;;Fukuoka ; Japan ;2436900;;20.3% ;
94;41;Abu Dhabi ; United Arab Emirates ;2402800;3140000;7.1% ;2.65
95;;Jeju ; South Korea ;2349200;;−3.3% ;
96;;Porto ; Portugal ;2341300;;4.9% ;
97;;Rhodes ; Greece ;2337700;;7.3% ;
98;71;Rio de Janeiro ; Brazil ;2278300;1370000;1.2% ;0.97
99;;Krabi ; Thailand ;2255300;;6.5% ;
100;97;Bangalore ; India ;2239200;740000;25.7% ;0.55
;43;Mexico City ; Mexico ;;2980000;;2.27
;44;Punta Cana ; Dominican Republic ;;2730000;;2.95
;49;São Paulo ; Brazil ;;2300000;;1.5
;50;Zürich ;  Switzerland ;;2240000;;2.23
;51;Montreal ; Canada ;;2240000;;1.08
;53;Washington D.C. ; United States ;;2180000;;2.54
;56;Chicago ; United States ;;2080000;;2.95
;58;Düsseldorf ; Germany ;;1950000;;1.98
;60;Boston ; United States ;;1740000;;2.18
;61;Chengdu ; China ;;1740000;;0.6
;63;Edinburgh ; United Kingdom ;;1660000;;1.13
;64;San Jose ; United States ;;1630000;;0.86
;68;Tehran ; Iran ;;1520000;;0.31
;69;Houston ; United States ;;1500000;;2.48
;72;Hamburg ; Germany ;;1450000;;1.47
;73;Cape Town ; South Africa ;;1370000;;1
;74;Manila ; Philippines ;;1320000;;0.98
;75;Bogota ; Colombia ;;1260000;;1.35
;76;Xi'an ; China ;;1210000;;0.63
;77;Beirut ; Lebanon ;;1160000;;1.12
;78;Geneva ;  Switzerland ;;1150000;;1.14
;79;Colombo ; Sri Lanka ;;1130000;;0.95
;80;Xiamen ; China ;;1090000;;0.93
;81;Bucharest ; Romania ;;1050000;;0.31
;82;Casablanca ; Morocco ;;1050000;;0.62
;83;Atlanta ; United States ;;1020000;;1.47
;84;Sofia ; Bulgaria ;;1010000;;0.44
;87;Dalian ; China ;;940000;;0.55
;88;Montevideo ; Uruguay ;;930000;;0.55
;89;Amman ; Jordan ;;930000;;0.94
;90;Hangzhou ; China ;;900000;;0.43
;91;Pune ; India ;;900000;;0.66
;92;Durban ; South Africa ;;830000;;0.29
;93;Dallas ; United States ;;780000;;1.13
;94;Accra ; Ghana ;;760000;;0.53
;95;Quito ; Ecuador ;;750000;;0.42
;96;Tianjin ; China ;;750000;;2.24
;98;Belgrade ; Serbia ;;740000;;1.67
;99;Qingdao ; China ;;730000;;0.53
;100;Philadelphia ; United States ;;720000;;1.05
